{
    "page":true,
    "mainTitle": {
            "tagOne":"h1",
            "gradientStart": "#DD007C",
            "gradientMiddle": "#FF3122",
            "gradientEnd": "#FFBB00",
            "titleText": "All Events"
        },
    "allEvents":[
        {
            "subtitle": {
                "subTitle": "July 2019",
                "colour": "#0FC8F1",
                "tagFour":"h4"
            },
            "profile": [
                {
                "profileText": "08",
                "listingData": {
                    "tagFive":"h5",
                    "title": "Quisque mattis tellus et neque varius, porttitor ultrices dui viverra",
                    "author": "Venue Name",
                    "dateTime": "19/02/2019 : 09:05 AM"
                }                  
            },
            {
                "profileText": "14",
                "listingData": {
                    "tagFive":"h5",
                    "title": "Quisque mattis tellus et neque varius, porttitor ultrices dui viverra",
                    "author": "John Smith",
                    "dateTime": "19/02/2019 : 09:05 AM"
                }                  
            },
            {
                "profileText": "22",
                "listingData": {
                    "tagFive":"h5",
                    "title": "Quisque mattis tellus et neque varius, porttitor ultrices dui viverra",
                    "author": "John Smith",
                    "dateTime": "19/02/2019 : 09:05 AM"
                }                  
            }
        ]
        },
        {
            "subtitle": {
                "subTitle": "August 2019",
                "colour": "#4C0FB9",
                "tagFour":"h4"
            },
            "profile": [
                {
                "profileText": "08",
                "listingData": {
                    "tagFive":"h5",
                    "title": "Quisque mattis tellus et neque varius, porttitor ultrices dui viverra",
                    "author": "Venue Name",
                    "dateTime": "19/02/2019 : 09:05 AM"
                }                  
            },
            {
                "profileText": "14",
                "listingData": {
                    "tagFive":"h5",
                    "title": "Quisque mattis tellus et neque varius, porttitor ultrices dui viverra",
                    "author": "John Smith",
                    "dateTime": "19/02/2019 : 09:05 AM"
                }                  
            },
            {
                "profileText": "22",
                "listingData": {
                    "tagFive":"h5",
                    "title": "Quisque mattis tellus et neque varius, porttitor ultrices dui viverra",
                    "author": "John Smith",
                    "dateTime": "19/02/2019 : 09:05 AM"
                }                  
            }
        ]
        }
      
    ]
}